source,target,weight
"Agot, K.","Thirumurthy, H.",3
"Agot, K.","Onyango, J.",2
"Agot, K.","Ochillo, M.",2
H.,Ahmed,2
H.,Baber,2
"Hassan, M.K.","Khan, S.",3
"Hassan, M.K.","Rabbani, M.R.",2
"Vlaev, I.","Elliott, A.",2
"Ranyard, R.","Mchugh, S.",2
"Abedifar, P.","Ebrahim, S.M.",2
"Abedifar, P.","Molyneux, P.",2
"Abedifar, P.","Tarazi, A.",2
"Ebrahim, S.M.","Molyneux, P.",2
"Ebrahim, S.M.","Tarazi, A.",2
"Molyneux, P.","Tarazi, A.",2
"Molyneux, P.","Berger, A.N.",2
"Molyneux, P.","Wilson, J.O.S.",2
A.,Singh,2
A.,Kouandou,2
A.,Goel,2
A.,Gosavi,2
A.,Arshad,2
A.,Hassan,2
A.,Shankar,2
A.,Mehrotra,2
A.,Schwittay,3
O.,Manta,2
"Lakshmi, R.M.","Bharathi, A.M.",2
"Rawat, R.","Goyal, H.R.",2
"Rawat, R.","Sharma, S.",2
"Bhawnra, S.X.","Singh, K.B.",2
"Gupta, D.","Gupta, M.",2
"Kandpal, V.","Mehrotra, R.",2
"Kandpal, V.","Mishra, D.",2
"Kandpal, V.","Agarwal, N.",2
"Ozili, P.K.","Syed, A.A.",2
Das,S.,2
S.,Singh,2
S.,Ghosh,7
S.,Maity,5
S.,Sharma,3
S.,Johnson,4
S.,Hubbard,3
S.,Chikalipah,2
S.,Fine,3
S.,Andrae,3
S.,Chatterjee,2
"Ölkers, T","Musshoff, O",2
M.J.,Sirgy,2
"Dorfleitner, G.","Forcella, D.",2
"Fenton-O'Creevy, M.","Furnham, A.",2
"Lee, S.T.","Kim, K.T.",5
"Lee, S.T.","Nam, Y.",2
"Hanna, S.D.","Kim, K.T.",3
"Lim, H.","Sommer, M.",2
"Lyons, A.C.","Kass-Hanna, J.",5
"Lyons, A.C.","Liu, F.",3
"Nourallah, M.","Öhman, P.",2
"Noman, A.","Bin Abdul Baten, R.",2
L’Esperance,M.,2
M.,Sarma,3
M.,Langevin,2
M.,Susan,2
M.,Isaeva,2
M.,Taylor,2
M.,Qamruzzaman,2
M.,Mani,2
"Birkenmaier, J.","Maynard, B.",6
"Birkenmaier, J.","Kim, Y.",6
"Birkenmaier, J.","Jacobson Frey, J.J.",2
"Birkenmaier, J.","Fu, Q.",7
"Birkenmaier, J.","Rothwell, D.",3
"Birkenmaier, J.","Huang, J.",6
"Birkenmaier, J.","Zhang, Y.",2
"Birkenmaier, J.","Sherraden, M.",3
"Birkenmaier, J.","Fu, Q.J.",2
"Maynard, B.","Kim, Y.",6
"Lee, N.","Beeler Stücklin, S.",2
"Lee, N.","Lopez Rodriguez, P.",2
"Lee, N.","Mukaka, I.",2
"Beeler Stücklin, S.","Lopez Rodriguez, P.",2
"Beeler Stücklin, S.","Mukaka, I.",2
"Lopez Rodriguez, P.","Mukaka, I.",2
"Villanueva, A.C.B.","Disse, S.",2
"Villanueva, A.C.B.","Lensink, R.",2
"Villanueva, A.C.B.","White, H.",2
"Disse, S.","Lensink, R.",2
"Disse, S.","White, H.",2
"Lensink, R.","White, H.",2
"Lensink, R.","Ahmad, S.",2
"Lensink, R.","Mueller, A.",2
"Yang, M.","Ling, Z.",2
"Yang, M.","Liu, Y.",2
"Yang, M.","Ni, Z.",2
"Ling, Z.","Ni, Z.",2
"Liu, Y.","He, Y.",2
"Liu, Y.","Li, W.",2
"Khémiri, W.","Chafai, A.",2
"Kim, K.T.","Xiao, J.J.",2
"Kim, K.T.","Fan, L.",2
"Kim, K.T.","Stebbins, R.",2
"Kim, K.T.","Lee, S.",2
"Kim, K.T.","Lee, J.",6
"Kim, K.T.","Lee, J.M.",3
"Xiao, J.J.","Chen, C.",2
"Xiao, J.J.","Bialowolski, P.",2
"Xiao, J.J.","Porto, N.",4
"Xiao, J.J.","Meng, K.",2
"Xiao, J.J.","Yao, R.",3
"Xiao, J.J.","Kumar, S.",2
"Xiao, J.J.","O'Neill, B.",4
"Lee, J.M.","Lee, J.",2
"Ofosu-Mensah Ababio, J.","Attah-Botchwey, E.",2
"Ofosu-Mensah Ababio, J.","Yiadom, E.B.",2
"Alhassan, A.","Li, L.",2
"Alhassan, A.","Reddy, K.",2
"Alhassan, A.","Duppati, G.",2
"Li, L.","Reddy, K.",2
"Li, L.","Duppati, G.",2
"Reddy, K.","Duppati, G.",2
"Reddy, K.","Agyekum, F.",2
"Reddy, K.","Shen, Y.",2
"Reddy, K.","Wallace, D.",3
"Ali, M.","Yanting, Z.",2
Lotto,J.,2
J.,Roitman,2
J.,Jafri,4
J.,Buckland,2
Niankara,I.,2
I.,Ghosh,2
"Lara-Rubio, J.","Navarro-Galera, A.",2
"Ghosh, C.","Chaudhury, R.H.",3
"Zhang, X.","Li, Q.",2
"Zhang, X.","Huang, Y.",2
"Zhang, X.","Osabohien, R.",2
"Ha, D.","Nguyen, K.",2
"Geraldes, H.S.A.","Gama, A.P.M.",2
"Geraldes, H.S.A.","Augusto, M.",2
"Gama, A.P.M.","Augusto, M.",2
"Zhang, Y.","Yang, L.",2
"Zhang, Y.","Huang, J.",4
"Zhang, Y.","Tadesse, A.",2
"Zhang, Y.","Fan, L.",3
"Zhang, Y.","Qi, J.",2
"Zhang, Y.","Chatterjee, S.",2
"Yang, Z.","Xu, S.",2
"Yang, Z.","Ali, S.T.",2
"Yang, Z.","Li, Y.",2
"Bahri, S.","Fauzi, A.",2
T.,Girard,2
T.,Sorell,2
T.,Dissaux,2
T.,Ravikumar,2
"Kanobe, F.","Alexander, M.P.",2
"Kanobe, F.","Bwalya, K.J.",2
"Alexander, M.P.","Bwalya, K.J.",2
"Ssewamala, F.M.","Nabunya, P.",5
"Ssewamala, F.M.","Neilands, T.B.",4
"Ssewamala, F.M.","Byansi, W.",3
"Ssewamala, F.M.","Namuwonge, F.",3
"Ssewamala, F.M.","Damulira, C.",2
"Ssewamala, F.M.","Nakigozi, G.",2
"Ssewamala, F.M.","Sensoy-Bahar, O.",2
"Nabunya, P.","Neilands, T.B.",3
"Nabunya, P.","Byansi, W.",3
"Nabunya, P.","Namuwonge, F.",3
"Nabunya, P.","Damulira, C.",2
"Nabunya, P.","Nakigozi, G.",2
"Nabunya, P.","Sensoy-Bahar, O.",2
"Morvant-Roux, S.","Guérin, I.",4
"Morvant-Roux, S.","Servet, J.-M.",2
"Guérin, I.","Servet, J.-M.",4
"Guérin, I.","Roesch, M.",2
"Guérin, I.","Venkatasubramanian, G.",2
"Simpson, W.","Buckland, J.",2
"Hussain, J.","Mahmood, S.",2
"Mahmood, S.","Aslam, S.",2
"David-West, O.","Iheanachor, N.",3
"David-West, O.","Umukoro, I.",2
"Johnen, C.","Musshoff, O.",4
"Johnen, C.","Parlasca, M.",2
"Musshoff, O.","Mader, A.",2
"Musshoff, O.","Ölkers, T.",2
"Musshoff, O.","Parlasca, M.",2
"Musshoff, O.","Wahbi, A.",4
"Mhlanga, D.","Dzingirai, M.",2
"Ankrah, D.A.","Asante, B.O.",2
"Ankrah, D.A.","Prah, S.",2
"Asante, B.O.","Prah, S.",2
K.,Fitzpatrick,4
K.,Singh,2
K.,Richel,2
"Singh, P.","Gupta, S.",2
"Guha, S.","Bhandare, P.V.",2
"Labie, M.","Hudon, M.",2
"Labie, M.","Szafarz, A.",2
"Uduji, Ji","Okolo-Obasi, En",2
"Uduji, Ji","Asongu, Sa",2
"Okolo-Obasi, En","Asongu, Sa",2
"Asongu, Sa","Odhiambo, Nm",6
"Mia, M.A.","Malim, N.A.K.",2
"Mia, M.A.","Banna, H.",2
"Mia, M.A.","Nourani, M.",2
D.,Mhlanga,10
D.,Chirambo,3
D.,Sharma,2
D.,Makina,4
D.,Burton,2
D.,Marron,2
D.,Charles,2
P.,Molyneux,2
P.,Honohan,2
P.,Shrivastava,2
P.,Rambe,2
"Barik, R.","Sharma, P.",2
"Barik, R.","Lenka, S.K.",2
G.,Zulfiqar,3
G.,Pavlidis,2
"Yadav, V.","Singh, B.P.",2
"Singh, B.P.","Yadava, A.K.",2
"Singh, A.","Mcdougal, L.",2
"Singh, A.","Raj, A.",2
"Singh, A.","Ambarkhane, D.",3
"Singh, A.","Venkataramani, B.",4
"Wang, J.S.-H.","Ssewamala, F.",2
"Wang, J.S.-H.","Neilands, T.B.",2
"Wang, J.S.-H.","Bermudez, L.G.",2
"Wang, J.S.-H.","Garfinkel, I.",2
"Wang, J.S.-H.","Waldfogel, J.",2
"Wang, J.S.-H.","Brooks-Gunn, J.",2
"Ssewamala, F.","Neilands, T.B.",2
"Ssewamala, F.","Bermudez, L.G.",2
"Ssewamala, F.","Garfinkel, I.",2
"Ssewamala, F.","Waldfogel, J.",2
"Ssewamala, F.","Brooks-Gunn, J.",2
"Ssewamala, F.","Sherraden, M.",2
"Neilands, T.B.","Bermudez, L.G.",2
"Neilands, T.B.","Garfinkel, I.",2
"Neilands, T.B.","Waldfogel, J.",2
"Neilands, T.B.","Brooks-Gunn, J.",2
"Neilands, T.B.","Byansi, W.",3
"Neilands, T.B.","Namuwonge, F.",3
"Neilands, T.B.","Damulira, C.",2
"Neilands, T.B.","Nakigozi, G.",2
"Neilands, T.B.","Sensoy-Bahar, O.",2
"Bermudez, L.G.","Garfinkel, I.",2
"Bermudez, L.G.","Waldfogel, J.",2
"Bermudez, L.G.","Brooks-Gunn, J.",2
"Garfinkel, I.","Waldfogel, J.",2
"Garfinkel, I.","Brooks-Gunn, J.",2
"Waldfogel, J.","Brooks-Gunn, J.",2
"West, S.","Friedline, T.",3
"Danquah, M","Iddrisu, Am",2
"Sinha, A.","Destek, M.A.",2
"Sinha, A.","Zafar, M.W.",2
"Destek, M.A.","Zafar, M.W.",2
"Ghosh, S.","Sahu, T.N.",2
"Sahu, T.N.","Maity, S.",3
"Sahu, T.N.","Datta, S.",4
"Gharbi, I.","Kammoun, A.",2
"Rahman, M.A.","Zheng, C.",2
"Rahman, M.A.","Hossain, S.",2
"Singh, J.","Adbi, A.",2
"Natarajan, S.","Thomas, B.",2
"Simplice, S.A.","Le Roux, S.",2
"Simplice, S.A.","Odhiambo, N.",3
"Simplice, S.A.","Nnanna, J.",3
"Simplice, S.A.","Agyemang-Mintah, P.",2
"Simplice, S.A.","Biekpe, N.",2
"Simplice, S.A.","Cassimon, D.",2
"Simplice, S.A.","Ngoungou, Y.E.",2
"Simplice, S.A.","Odhiambo, N.M.",2
"Hedvicakova, M.","Svobodová, L.",2
"Potnis, D.","Mohan, L.",3
"Fosso Wamba, S.F.","De Waal, H.",2
"Fosso Wamba, S.F.","Nyawa, S.",2
"Fosso Wamba, S.F.","Queiroz, M.M.",2
"Fosso Wamba, S.F.","Blome, C.",2
"Fosso Wamba, S.F.","Sivarajah, U.",2
"Leoveanu, V.M.","Sandu, M.C.",2
"Leoveanu, V.M.","Coman, A.",2
"Sandu, M.C.","Coman, A.",2
"Halloluwa, T.","Vyas, D.",3
"Halloluwa, T.","Usoof, H.",2
"Vyas, D.","Usoof, H.",2
"Akinnuwesi, B.A.","Fashoto, S.G.",2
"Akinnuwesi, B.A.","Metfula, A.S.",2
"Fashoto, S.G.","Metfula, A.S.",2
L.,Fan,3
L.,Gonzalez,3
C.,Tumbe,2
"Kunz, R.","Maisenbacher, J.",3
"Kunz, R.","Paudel, L.N.",3
"Maisenbacher, J.","Paudel, L.N.",2
"Queiroz, M.M.","Blome, C.",2
"Queiroz, M.M.","Sivarajah, U.",2
"Gupta, S.","Sahu, G.P.",2
"Gupta, S.","Jaiswal, R.",2
"Gupta, S.","Shukla, D.",2
"Frost, J.","Natarajan, H.",2
"Frost, J.","Gambacorta, L.",2
"Frost, J.","Shreeti, V.",2
"Maouloud, V.","Kassim, S.",2
"Maouloud, V.","Othman, A.H.A.",2
"Kassim, S.","Othman, A.H.A.",4
"Kassim, S.","Redzuan, N.",2
"Kassim, S.","Rosman, R.",2
"Kassim, S.","Muhammad Zuki, M.F.",2
"Kassim, S.","Shaharuddin, S.S.",2
"Kassim, S.","Muhammad, N.M.",2
"Othman, A.H.A.","Abdullahi, A.",2
"Han, J.","Ko, D.",2
"Diniz, E.H.","Pozzebon, M.",3
"Diniz, E.H.","Cernev, A.K.",2
"Pozzebon, M.","Diniz, E.",2
"Pozzebon, M.","Birochi, R.",2
F.,Nkouaga,2
F.,Nyonzo,2
F.,Shihadeh,2
"Roa, L.","Correa-Bahnsen, A.",2
"Gupta, R.","Kukreja, G.",2
"Abutaber, T.A.","Al-Okaily, M.",2
"Al-Okaily, M.","Alkhwaldi, A.F.",2
"Al-Okaily, M.","Al-Okaily, A.",2
"Kumar, J.","Ahuja, A.",2
"Kumar, J.","Parvathy, V.K.",2
"Khan, S.","Rabbani, M.R.",2
Ozili,P.K.,30
"Chitimira, H.","Torerai, E.",3
"Redzuan, N.","Rosman, R.",2
"Redzuan, N.","Muhammad Zuki, M.F.",2
"Redzuan, N.","Shaharuddin, S.S.",2
"Rosman, R.","Muhammad Zuki, M.F.",2
"Rosman, R.","Shaharuddin, S.S.",3
"Muhammad Zuki, M.F.","Shaharuddin, S.S.",2
Sebele-Mpofu,F.Y.,5
"Warsame, M.H.","Abdalla, Y.A.",2
"Naveed, M.","Ali, S.",2
"Tchakounté, F.","Atemkeng, M.",2
"Adarsh, R.","Sivasubramanian, K.",2
"Nguyen, N.P.","Mogaji, E.",4
"Nguyen, N.P.","Soetan, T.O.",2
"Mogaji, E.","Soetan, T.O.",3
"Abdullah, A.","Salleh, M.Z.M.",2
"De Waal, H.","Nyawa, S.",2
"Shrestha, D.","Poudel, K.",2
"Shrestha, D.","Adhikari, R.",2
"Shrestha, D.","Rajkarnikar, N.",2
Akeju,K.F.,2
N.,Nenavath,2
N.,Ndung'U,2
N.,Kshetri,4
N.,Bernards,2
"Alafeef, M.A.","Alsmadi, A.A.",2
"Pucha-Medina, P.M.","García-Ramos, R.",2
"Pucha-Medina, P.M.","Díaz-Díaz, B.",2
"García-Ramos, R.","Díaz-Díaz, B.",2
"Abdallah, W.","Harraf, A.",2
"Abdallah, W.","Abrar, M.",2
"Harraf, A.","Abrar, M.",2
"Singh, B.","Kaunert, C.",2
"Satpathy, I.","Sahoo, A.P.",2
"Satpathy, I.","Patnaik, A.",2
"Satpathy, I.","Patnaik, B.C.M.",3
"Sharma, S.","Sherraden, M.",2
"Sharma, S.","Goyal, H.R.",2
"Chauhan, S.","Kumar, S.",2
"Chauhan, S.","Indapurkar, K.",2
Alam Siddik,M.N.A.,2
"Hasan, M.","Hoque, A.",3
"Hasan, M.","Abedin, M.Z.",2
"Kazimoto, D.","Baadel, S.",2
"Rajpurohit, S.C.","Kalal, J.",2
"Rajpurohit, S.C.","Parkhi, S.",2
"Kalal, J.","Parkhi, S.",2
"Becha, H.","Kamel, K.",2
"Perdigão, D.","Antunes, F.",2
"Perdigão, D.","Silva, C.",2
"Perdigão, D.","Ribeiro, B.",2
"Antunes, F.","Silva, C.",2
"Antunes, F.","Ribeiro, B.",2
"Silva, C.","Ribeiro, B.",2
"Murinde, V.","Ahmad, A.H.",3
"Iddrisu, K.","Alhassan, F.",2
"Yakubu, I.N.","Adam, I.O.",2
"Yakubu, I.N.","Abdul-Wahab, A.-H.",2
"Yakubu, I.N.","Saani, M.R.",2
"Yakubu, I.N.","Salifu, M.",2
"Adam, I.O.","Seini, A.B.",2
"Adam, I.O.","Alhassan, M.D.",2
"Harahap, Z.I.","Lubis, S.N.",2
"Harahap, Z.I.","Erlina, E.",2
"Harahap, Z.I.","Aritonang, E.Y.",2
"Lubis, S.N.","Erlina, E.",2
"Lubis, S.N.","Aritonang, E.Y.",2
"Erlina, E.","Aritonang, E.Y.",2
Sibindi,A.B.,2
"Sibindi, A.B.","Kiwanuka, A.",2
"Singh, R.","Banerjee, J.",2
"Mishra, V.","Srivastava, A.",2
"Singh, S.","Fang, J.",2
"Singh, S.","Russell, R.",2
"Singh, S.","Sharma, M.",2
E.,Kozol,2
"Saani, M.R.","Salifu, M.",2
"Abor, J.Y.","Agbloyor, E.",2
"Abor, J.Y.","Issahaku, H.",3
"Abor, J.Y.","Amidu, M.",3
R.,Yorulmaz,2
R.,Chamboko,2
R.,Carrillo,2
"Kumar, P.","Pillai, R.",2
"Kumar, P.","Bhatnagar, M.",2
"Kumar, P.","Taneja, S.",3
"Kumar, P.","Özen, E.",2
Lawack,V.,2
V.,Guermond,4
V.,Kandpal,2
"Song, I.","Vong, J.",3
"Saxena, R.","Sinha, M.",2
"Fang, J.","Russell, R.",2
"Sherraden, M.S.","Ansong, D.",2
"Sherraden, M.S.","Johnson, L.",2
"Sherraden, M.S.","Huang, J.",4
"Sherraden, M.S.","Nam, Y.",2
"Sherraden, M.S.","Lee, E.J.",2
"Wang, X.","Wang, X.",2
"Wang, X.","Huang, Y.",2
"Wang, L.","Wang, Y.",2
"Yang, C.","Chen, L.",2
"Wang, B.","Huang, J.",2
"Liu, Z.","Chen, J.-K.",3
"Panos, G.A.","Klapper, L.",2
"Newman, A.","Schwarz, S.",2
"Joia, L.A.","Dos Santos, R.P.",3
"Joia, L.A.","Lorenzo, M.",2
"Mendy, G.","Ouya, S.",2
"Kumar, A.","Hota, S.L.",2
"Kumar, A.","Murthy, S.",2
"Kumar, A.","Gunday, I.",2
"Kumar, A.","Rani, S.",2
"Singh, D.","Stakić, N.",2
"Ansong, D.","Sherraden, M.",2
"Ansong, D.","Okumu, M.",3
"Ansong, D.","Koomson, I.",2
"Li, Y.","Xu, S.",2
"Li, Y.","Ali, S.T.",2
"Nandru, P.","Madhavaiah, M.",3
"Jain, P.","Kumar Sharma, B.K.",2
"Jain, P.","Jain, R.",2
"Jain, M.","Nagpal, A.",2
"Jain, M.","Jain, A.",2
"Ukwueze, E.R.","Asogwa, H.T.",2
X.,Xu,2
"Veena, N.","Thejaswini, S.",2
"Tunzina, T.","Chayon, M.A.K.",2
"Tunzina, T.","Jitu, P.G.",2
"Tunzina, T.","Ankon, M.U.",2
"Tunzina, T.","Joy, S.N.",2
"Tunzina, T.","Shaha, R.K.",2
"Tunzina, T.","Islam, M.M.",2
"Tunzina, T.","Hussain, M.S.",2
"Chayon, M.A.K.","Jitu, P.G.",2
"Chayon, M.A.K.","Ankon, M.U.",2
"Chayon, M.A.K.","Joy, S.N.",2
"Chayon, M.A.K.","Shaha, R.K.",2
"Chayon, M.A.K.","Islam, M.M.",2
"Chayon, M.A.K.","Hussain, M.S.",2
"Jitu, P.G.","Ankon, M.U.",2
"Jitu, P.G.","Joy, S.N.",2
"Jitu, P.G.","Shaha, R.K.",2
"Jitu, P.G.","Islam, M.M.",2
"Jitu, P.G.","Hussain, M.S.",2
"Ankon, M.U.","Joy, S.N.",2
"Ankon, M.U.","Shaha, R.K.",2
"Ankon, M.U.","Islam, M.M.",2
"Ankon, M.U.","Hussain, M.S.",2
"Joy, S.N.","Shaha, R.K.",2
"Joy, S.N.","Islam, M.M.",2
"Joy, S.N.","Hussain, M.S.",2
"Shaha, R.K.","Islam, M.M.",2
"Shaha, R.K.","Hussain, M.S.",2
"Islam, M.M.","Hussain, M.S.",2
"Kobusingye, B.M.","Nagwovuma, M.",2
"Kobusingye, B.M.","Nansamba, B.",2
"Kobusingye, B.M.","Marvin, G.",2
"Nagwovuma, M.","Nansamba, B.",2
"Nagwovuma, M.","Marvin, G.",2
"Nansamba, B.","Marvin, G.",2
C.S.,Hossein,3
"Hussain, S.","Rasheed, A.",2
"Khan, F.","Siddiqui, M.A.",2
"Khan, F.","Imtiaz, S.",2
A.M.,Ally,2
"Singh, G.","Khobragade, A.",2
"Singh, G.","Balachandran, R.",2
"Singh, G.","Gupta, B.",2
"Singh, G.","Saroy, R.",2
"Singh, G.","Awasthy, S.",2
"Singh, G.","Misra, R.",3
"Singh, G.","Dhal, S.",2
"Singh, G.","Bhullar, P.S.",2
"Singh, G.","Gupta, P.",2
"Yadav, P.","Sharma, A.K.",2
"Raza, H.","Riaz, A.",2
"Raza, H.","Riaz, N.",2
"Riaz, A.","Riaz, N.",2
"Mahajan, S.","Pandey, P.K.",2
"Pandey, P.K.","Guleria, N.",2
"Pandey, P.K.","Jindal, M.",2
"Pandey, P.K.","Haque, M.M.",2
"Bhowmik, B.","Girish, K.K.",3
"Fernández-López, S.","Rey-Ares, L.",4
"Fernández-López, S.","Álvarez-Espiño, M.",3
"Fernández-López, S.","Castro-González, S.",2
"Okyere, C.Y.","Atta-Ankomah, R.",4
"Okyere, C.Y.","Asante-Addo, C.",3
"Atta-Ankomah, R.","Asante-Addo, C.",3
"Villano, R.A.","Koomson, I.",4
"Villano, R.A.","Hadley, D.",2
"Koomson, I.","Hadley, D.",2
"Koomson, I.","Okumu, M.",2
"Koomson, I.","Bukari, C.",2
"Kodom, M.","Ackah, C.",2
"Kodom, M.","Steel, W.F.",2
"Kodom, M.","Bokpin, G.A.",2
"Kumar, S.","Goyal, K.",2
"Song, X.","Qin, X.",2
"Liu, W.","Cowling, M.",2
"Liu, W.","Yang, H.",2
"Liu, W.","Wilson, N.",2
"Samreth, S.","Aiba, D.",2
"Hartarska, V.","Nadolnyak, D.",2
"Hartarska, V.","Cull, R.",2
"Zhang, J.","Gong, X.",3
"Zhang, J.","Jin, H.",2
"Colombi, R.","Giordano, S.",2
"Pettifor, A.","Macphail, C.",2
"Pettifor, A.","Selin, A.",2
"Pettifor, A.","Kahn, K.",2
"Macphail, C.","Selin, A.",2
"Macphail, C.","Kahn, K.",2
"Selin, A.","Kahn, K.",2
"Byansi, W.","Namuwonge, F.",3
"Byansi, W.","Damulira, C.",2
"Byansi, W.","Nakigozi, G.",2
"Byansi, W.","Sensoy-Bahar, O.",2
"Namuwonge, F.","Damulira, C.",2
"Namuwonge, F.","Nakigozi, G.",2
"Namuwonge, F.","Sensoy-Bahar, O.",2
"Figueroa-Armijos, M","Berns, Jp",2
"Odhiambo, Nm","Asongu, S",3
"Zhao, C.","Wu, Y.",2
"Zhao, C.","Guo, J.",2
"Li, X.","Wang, J.",2
"Suhrab, M.","Pinglu, C.",2
"Suhrab, M.","Qian, N.",2
"Pinglu, C.","Qian, N.",2
"Pal, A.","De, R.",3
"Pal, A.","Herath, T.",3
"Pal, A.","Behl, A.",2
"De, R.","Herath, T.",3
"Kiss, D.E.","Preece, G.L.",2
"Kiss, D.E.","Macdonald, M.",2
"Grintein-Weiss, M.","Yeo, Y.H.",2
"Despard, M.R.","Chowa, G.A.N.",2
"Despard, M.R.","Friedline, T.",2
"Despard, M.R.","Chowa, G.",2
"Johnson, L.","Huang, J.",2
"Johnson, L.","Sherraden, M.",4
J.M.,Opiniano,3
"Yorgason, J.B.","Dew, J.P.",2
"Babiarz, P.","Robb, C.A.",2
"Serido, J.","Shim, S.",3
"Serido, J.","Tang, C.",2
"Huang, J.","Nam, Y.",5
"Huang, J.","Lee, E.J.",3
"Huang, J.","Sherraden, M.",6
"Huang, J.","Tadesse, A.",2
"Huang, J.","Clancy, M.M.",3
"Nam, Y.","Lee, E.J.",3
"Nam, Y.","Sherraden, M.",2
"Nam, Y.","Clancy, M.M.",2
"Jorgensen, B.L.","Jensen, J.F.",2
"Lebaron-Black, A.B.","Hill, E.J.",4
"Lebaron-Black, A.B.","Rosa, C.M.",2
"Lebaron-Black, A.B.","Marks, L.D.",3
"Hill, E.J.","Rosa, C.M.",2
"Hill, E.J.","Marks, L.D.",3
"Rosa, C.M.","Marks, L.D.",2
"Shim, S.","Tang, C.",2
Zhu,A.Y.F.,2
"Fan, L.","Chatterjee, S.",5
"Chatterjee, S.","Choung, Y.",3
"Chatterjee, S.","Pak, T.-Y.",4
"Sherraden, M.","Lee, Y.S.",2
"Sherraden, M.","Njenga, G.",2
"Sherraden, M.","Kieyah, J.",2
"Sherraden, M.","Osei-Akoto, I.",2
"Sherraden, M.","Rodríguez, C.",2
"Sherraden, M.","Chowa, G.A.",2
"Sherraden, M.","Zou, L.",2
"Sherraden, M.","Clancy, M.M.",3
"Wann, C.R.","Burke-Smalley, L.",2
"Sun, S.","Chen, Y.-C.",3
"Hong, P.Y.P.","Wathen, M.V.",2
"Khan, M.N.","Ferrer, I.",2
"Khan, M.N.","Lee, Y.",2
"Khan, M.N.","Engel, L.",2
"Khan, M.N.","Ewesesan, R.",2
"Khan, M.N.","Arowolo, I.",2
"Khan, M.N.","Karpa, J.",2
"Ferrer, I.","Lee, Y.",2
"Hu, L.","Wang, D.",2
"Belkina, T.A.","Konyukhova, N.B.",2
"Belkina, T.A.","Kurochkin, S.V.",2
"Konyukhova, N.B.","Kurochkin, S.V.",2
"Liu, L.","Jin, H.",2
"Wu, Y.","Guo, J.",2
"Khanday, I.N.","Tarique, M.",2
"Olaoye, O.O.","Tabash, M.I.",2
"Olaoye, O.O.","Shaddady, A.",2
"Tabash, M.I.","Shaddady, A.",2
"Hossain, S.","Zheng, C.",2
"Collins, J.M.","Odders-White, E.",2
"Chen, F.","Wang, W.",2
"Lee, Y.G.","Kelley, H.H.",3
"Bialowolski, P.","Weziak–Bialowolska, D.",4
"Bialowolski, P.","Cwynar, A.",3
"Weziak–Bialowolska, D.","Cwynar, A.",2
"Kamble, P.A.","Mehta, A.",2
"Kamble, P.A.","Rani, N.",2
"Mehta, A.","Rani, N.",2
"Farooq, U.","Ahmed, F.",2
"Farooq, U.","Dar, A.B.",2
"Farooq, U.","Sharma, R.L.",2
"Lan, J.","Pan, Y.",2
"Zhou, Y.","Lu, W.",2
"Zhou, Y.","Jin, H.",2
"Guo, F.","Hu, D.",2
"Qin, Z.","Hao, H.",2
"Sun, W.","Marcelin, I.",2
"Hu, D.","Zhai, C.",2
"Gallego-Losada, M.-J.","Montero-Navarro, A.",2
"Gallego-Losada, M.-J.","Gallego-Losada, R.",2
"Montero-Navarro, A.","Gallego-Losada, R.",3
"Ključnikov, A.","Civelek, M.",4
"Aye, H.P.","Yoshiteru Nakamori, Y.",2
"Greene, C.","Stavins, J.",2
"Agbezoutsi, K.E.","Urien, P.",2
"Agbezoutsi, K.E.","Dandjinou, T.M.",2
"Urien, P.","Dandjinou, T.M.",2
"Usman, M.","Ul-Hassan, M.",2
"Jarboui, A.","Mouna, A.",2
"Jungo, J.","Madaleno, M.",3
"Jungo, J.","Botelho, A.",3
"Madaleno, M.","Botelho, A.",3
"Ayayi, A.G.","Dout, H.",2
"Erokhin, V.","Raza, A.",3
"Erokhin, V.","Tong, G.",2
"Raza, A.","Tong, G.",2
"Begum, H.","Ferdous Alam, A.S.A.F.",2
"Singh, A.K.","Dwivedi, R.",2
"Singh, A.K.","Tikku, S.R.",2
"Zou, L.","Njenga, G.",2
"Ofori-Acquah, C.","Avortri, C.",2
"Ofori-Acquah, C.","Preko, A.",2
"Avortri, C.","Preko, A.",2
Mohamed,A.A.,2
"Arner, D.W.","Zetzsche, D.A.",3
"Arner, D.W.","Buckley, R.P.",3
"Arner, D.W.","Veidt, R.",2
"Zetzsche, D.A.","Buckley, R.P.",3
"Zetzsche, D.A.","Veidt, R.",2
"Buckley, R.P.","Veidt, R.",2
"Pham, T.T.T.","Nguyen, T.V.H.",2
"Huang, Y.","Cao, H.H.",2
"Huang, Y.","Yeung, B.",2
"Nagpal, A.","Jain, A.",2
"Sen, S.","Antara, N.",2
"Ngong, C.A.","Onyejiaku, C.C.",2
"Ngong, C.A.","Onwumere, J.U.J.",3
"Onyejiaku, C.C.","Onwumere, J.U.J.",2
"Onwumere, J.U.J.","Offor, K.O.",2
"Onwumere, J.U.J.","Ibe, G.I.",2
"Khobragade, A.","Balachandran, R.",2
"Khobragade, A.","Gupta, B.",2
"Khobragade, A.","Saroy, R.",2
"Khobragade, A.","Awasthy, S.",2
"Khobragade, A.","Misra, R.",2
"Khobragade, A.","Dhal, S.",2
"Balachandran, R.","Gupta, B.",2
"Balachandran, R.","Saroy, R.",2
"Balachandran, R.","Awasthy, S.",2
"Balachandran, R.","Misra, R.",2
"Balachandran, R.","Dhal, S.",2
"Gupta, B.","Saroy, R.",2
"Gupta, B.","Awasthy, S.",2
"Gupta, B.","Misra, R.",2
"Gupta, B.","Dhal, S.",2
"Saroy, R.","Awasthy, S.",2
"Saroy, R.","Misra, R.",2
"Saroy, R.","Dhal, S.",2
"Awasthy, S.","Misra, R.",2
"Awasthy, S.","Dhal, S.",2
"Misra, R.","Dhal, S.",2
"Natarajan, N.","Guermond, V.",2
"Brickell, K.","Guermond, V.",2
"Brickell, K.","Lawreniuk, S.",2
"Brickell, K.","Parsons, L.",2
"Guermond, V.","Lawreniuk, S.",2
"Guermond, V.","Parsons, L.",2
"Lawreniuk, S.","Parsons, L.",2
"Compaoré, E.D.","Maiga, B.",2
"Dianda, P.","Thiombiano, N.",2
"Khan, A.A.","Ahmad, Z.",3
"Khan, A.A.","Mansur, M.",2
"Ahmad, Z.","Mansur, M.",2
"Kumari, D.","Giri, A.K.",2
"Wirajing, M.A.K.","Nchofoung, T.N.",2
"Lee Kuo Chuen, D.","Deng, R.",2
"Issahaku, H.","Amidu, M.",3
"Makina, D.","Munongo, S.",3
"Makina, D.","Tsaurai, K.",3
"Thomason, J.","Bernhardt, S.",2
"Thomason, J.","Kansara, T.",2
"Thomason, J.","Cooper, N.",2
"Ray, N.","Das, S.",2
"Karlan, D.","Zinman, J.",3
"Wu, H.","Wang, J.",2
"Fekete-Farkas, M.","Setiawan, B.",3
"Fekete-Farkas, M.","Nathan, R.J.",3
"Joo, S.-H.","Grable, J.E.",2
"Kim, M.","Duvendack, M.",2
"Shi, X.","Farnsworth, V.",2
"Frimpong Boamah, E.","Murshid, N.S.",2
"Engel, L.","Ewesesan, R.",2
"Engel, L.","Arowolo, I.",2
"Engel, L.","Karpa, J.",2
"Ewesesan, R.","Arowolo, I.",2
"Ewesesan, R.","Karpa, J.",2
"Arowolo, I.","Karpa, J.",2
"Morgan, P.J.","Long, T.Q.",2
"Su, L.","Peng, Y.",2
"Su, L.","Kong, R.",2
"Peng, Y.","Kong, R.",2
"Óskarsdóttir, M.","Bravo, C.",2
"Óskarsdóttir, M.","Sarraute, C.",2
"Óskarsdóttir, M.","Vanthienen, J.",2
"Óskarsdóttir, M.","Baesens, B.",2
"Bravo, C.","Sarraute, C.",2
"Bravo, C.","Vanthienen, J.",2
"Bravo, C.","Baesens, B.",2
"Sarraute, C.","Vanthienen, J.",2
"Sarraute, C.","Baesens, B.",2
"Vanthienen, J.","Baesens, B.",2
"Yoshino, N.","Taghizadeh-Hesary, F.",2
"Eshun, S.F.","Kočenda, E.",2
"Mertzanis, C.","Jegerson, D.",4
"Mertzanis, C.","Khan, M.",3
"Potrich, A.C.G.","Vieira, K.M.",3
"Potrich, A.C.G.","Bressan, A.A.",2
"Vieira, K.M.","Matheis, T.K.",3
"Vieira, K.M.","Bressan, A.A.",2
"Vieira, K.M.","Lehnhart, E.D.R.",2
"Roa, M.J.","Villegas, A.",4
"Roa, M.J.","Garrón, I.",2
"Roa, M.J.","Barboza, J.",2
"Guo, J.","Lu, X.",2
"Moreno-Herrero, D.","Salas-Velasco, M.",2
"Moreno-Herrero, D.","Sánchez Campillo, J.",2
"Salas-Velasco, M.","Sánchez Campillo, J.",2
"Chen, X.","He, G.",2
"Chen, X.","Song, Y.",2
"Chen, X.","Wu, X.",2
"Singh, J","Singh, M",2
T.J.,Gopane,2
"Olson, J.G.","Nikolova, H.",2
"Olson, J.G.","Gladstone, J.J.",2
"Alamsyah, A.","Astuti, R.F.",2
"Gupta, P.","Aggarwal, M.",4
"Gupta, P.","Bamba, M.",4
"Johri, A.","Sharma, A.",3
"Johri, A.","Mohan, A.",2
"Nnanna, J.","Ngoungou, Y.E.",2
"Naranpanawa, A.","Selvanathan, S.",4
"Naranpanawa, A.","Basnayake, D.",2
"Naranpanawa, A.","Bandara, J.S.",2
"Selvanathan, S.","Basnayake, D.",2
"Selvanathan, S.","Bandara, J.S.",2
"Sengupta, R","Rooj, D",2
"Ahmad, A.H.","Green, C.J.",4
"Ahmad, A.H.","Jiang, F.",4
"Ahmad, A.H.","Mohd Daud, S.N.",2
"Ahmad, A.H.","Sakyi-Nyarko, C.",4
"Ahmad, A.H.","Green, C.",2
"Green, C.J.","Jiang, F.",4
"Wang, W.","Lu, X.",2
"Cull, R.","Harten, S.",2
"Cull, R.","Rusu, A.B.",2
"Cull, R.","Giné, X.",2
"Cull, R.","Heitmann, S.",2
"Cull, R.","Allen, F.",2
"Cull, R.","Carletti, E.",2
"Cull, R.","Qian, J.Q.J.",2
"Cull, R.","Senbet, L.",2
"Cull, R.","Valenzuela, P.",3
"Harten, S.","Rusu, A.B.",2
"Mohamed, T.S.","Elgammal, M.M.",3
"Elouaourti, Z.","Ibourk, A.",3
"Elouaourti, Z.","Ezzahid, E.",4
"Chai, S.","Chen, Y.",2
"Cowling, M.","Yang, H.",2
"Cowling, M.","Wilson, N.",2
"Urquía-Grande, E.","López-Sánchez, P.",4
"Urquía-Grande, E.","Del Campo, C.",2
"López-Sánchez, P.","Del Campo, C.",2
"Wagner, J.","Walstad, W.B.",3
"Banna, H.","Alam, M.R.",2
"Law, S.H.","Sabri, M.F.",2
"Dircio Palacios Macedo, M.D.C.","Cruz-García, P.",2
"Dircio Palacios Macedo, M.D.C.","Hemández-Trillo, F.",2
"Dircio Palacios Macedo, M.D.C.","Tortosa-Ausina, E.",2
"Cruz-García, P.","Hemández-Trillo, F.",2
"Cruz-García, P.","Tortosa-Ausina, E.",2
"Hemández-Trillo, F.","Tortosa-Ausina, E.",2
"Choung, Y.","Pak, T.-Y.",3
"Douglas J. Cumming, D.","Johan, S.",2
Pandey,D.K.,2
"Mchugh, N.","Baker, R.",3
"Mchugh, N.","Donaldson, C.",3
"Mchugh, N.","Ibrahim, F.",2
"Mchugh, N.","Biosca, O.",2
"Mchugh, N.","Laxton, T.",2
"Baker, R.","Donaldson, C.",3
"Baker, R.","Ibrahim, F.",2
"Baker, R.","Biosca, O.",2
"Baker, R.","Laxton, T.",2
"Donaldson, C.","Ibrahim, F.",2
"Donaldson, C.","Biosca, O.",2
"Donaldson, C.","Laxton, T.",2
Tan,G.K.S.,2
"Nguyen, N.T.","Hong Vo, D.H.",2
"Nguyen, N.T.","Tran, T.H.",2
"Sharma, A.","Mohan, A.",2
"Sharma, A.","Rastogi, S.",3
"Sharma, A.","Panse, C.",2
"Sundarasen, S.","Rajagopalan, U.",2
"Gutiérrez-Nieto, B.","Serrano-Cinca, C.",2
"Serrano-Cinca, C.","Cuéllar-Fernández, B.",2
"Serrano-Cinca, C.","Fuertes-Callén, Y.",2
"Albashrawi, M.","Kartal, H.B.",2
"Sierra, J.","Muriel-Patino, V.",3
"Sierra, J.","Rodriguez-Lopez, F.",3
"Nikolova, H.","Gladstone, J.J.",2
"Gladstone, J.J.","Matz, S.C.",2
Werner,R.A.,2
"Basnayake, D.","Bandara, J.S.",2
"Khatun, M.N.","Sarker, M.N.I.",2
"Khatun, M.N.","Mitra, S.",2
"Sarker, M.N.I.","Mitra, S.",2
"Klapper, L.","Singer, D.",4
"Klapper, L.","Ansar, S.",2
"Klapper, L.","Demirgüç-Kunt, A.",2
"Lusardi, A.","Mitchell, O.S.",5
"Lusardi, A.","Hasler, A.",2
"Lusardi, A.","Davis, H.",2
Bai,Z.,4
"Ahmad, S.","Mueller, A.",2
"Matheis, T.K.","Lehnhart, E.D.R.",2
"Iheanachor, N.","Umukoro, I.O.",2
"Iheanachor, N.","Umukoro, I.",2
"Mushtaq, R.","Murtaza, G.",2
"Mushtaq, R.","Yahiaoui, D.",2
"Murtaza, G.","Yahiaoui, D.",2
"Mersland, R.","Nyarko, S.A.",2
"Szafarz, A.","Hudon, M.",2
"Wang, H.","Li, C.",2
"Wang, H.","Gu, B.",2
"Dash, A.","Mohanta, G.",2
"Giné, X.","Heitmann, S.",2
"Bruhn, M.","Arráiz, I.",2
"Bruhn, M.","Stucchi, R.",2
"Arráiz, I.","Stucchi, R.",2
"Riley, E.","Shonchoy, A.S.",2
"Jiang, Y.","Frempong, L.N.",2
"Allen, F.","Gu, X.",2
"Allen, F.","Jagtiani, J.",2
"Allen, F.","Carletti, E.",2
"Allen, F.","Qian, J.Q.J.",2
"Allen, F.","Senbet, L.",2
"Allen, F.","Valenzuela, P.",2
"Gu, X.","Jagtiani, J.",2
"Balasubramnian, B.","Sargent, C.S.",2
"Tellez Gaytan, J.C.T.","Ahmed, G.",2
"Niankara, I.","Traoret, R.I.",3
"Wahyuni, A.S.","Setiawan, B.",2
"Setiawan, B.","Nathan, R.J.",5
"Setiawan, B.","Nugraha, D.P.",2
"Pandey, A.","Kiran, R.",2
"Pandey, A.","Sharma, R.K.",2
"Pandey, A.","Ramasamy, R.",2
"Kiran, R.","Sharma, R.K.",2
"Rajeev, M.","Tripathi, S.",2
"Rajeev, M.","Saravanabhavan, S.",2
"Simons, R.A.","Henning, M.",2
"Simons, R.A.","Conrad, K.",2
"Henning, M.","Conrad, K.",2
"Kala-Kamdjoug, J.R.","Wamba-Taguimdje, S.-L.",2
"Van Klyton, A.","Tavera-Mesías, J.F.",2
"Jacob, Rt","Sensarma, R",2
"Shen, Y.","Hu, W.",4
"Shen, Y.","Hueng, C.J.",3
"Shen, Y.","Agyekum, F.",2
"Shen, Y.","Wallace, D.",2
"Hu, W.","Hueng, C.J.",3
"Zaimovic, A.","Zaimović, T.",3
"Zaimovic, A.","Nuhic Meskovic, M.",2
"Zaimovic, A.","Arnaut-Berilo, A.",2
"Zaimovic, A.","Dedovic, L.",2
"Zaimovic, A.","Torlaković, A.",2
"Zaimović, T.","Nuhic Meskovic, M.",2
"Zaimović, T.","Arnaut-Berilo, A.",2
"Zaimović, T.","Dedovic, L.",2
"Zaimović, T.","Torlaković, A.",2
"Black, A.C.","Mcmahon, T.J.",2
"Black, A.C.","Rosen, M.I.",2
"Mcmahon, T.J.","Rosen, M.I.",2
"Kostov, P.","Arun, T.",3
"Kostov, P.","Annim, S.",3
"Arun, T.","Annim, S.",3
"Ntayi, J.M.","Okello Candiya Bongomin, G.",8
"Ntayi, J.M.","Yosa, F.",2
"Ntayi, J.M.","Munene, J.C.",10
"Ntayi, J.M.","Okello Candiya Bongomin, G.O.C.",4
"Ntayi, J.M.","Akol Malinga, C.A.",6
"Khan, I.","Sayal, A.U.",2
"Khan, I.","Khan, M.Z.",2
"Hussain, M.","Rehman, R.",2
"Hussain, M.","Katpar, S.J.",2
"Hussain, M.","Khan, R.",2
"Lashitew, A.A.","Van Tulder, R.",2
"Rao, H.","Akanfe, O.",2
"Rao, H.","Valecha, R.",2
"Álvarez-Gamboa, J.","Cabrera-Barona, P.",2
"Álvarez-Gamboa, J.","Jácome-Estrella, H.",2
"Cabrera-Barona, P.","Jácome-Estrella, H.",2
"Raj, A.","Silverman, J.G.",2
"Raj, A.","Klugman, J.",2
"Raj, A.","Mcdougal, L.",3
"Raj, A.","Dehingia, N.",2
"Ibrahim, F.","Biosca, O.",2
"Ibrahim, F.","Laxton, T.",2
"Biosca, O.","Laxton, T.",2
"Mcdougal, L.","Dehingia, N.",2
"Adeabah, D","Andoh, C",2
"Coffie, C.P.K.","Zhao, H.",3
"Coffie, C.P.K.","Adjei Mensah, I.A.",2
"Song, Y.","Gong, Y.",2
"Luther Osabutey, E.L.C.","Jackson, T.",2
"Luther Osabutey, E.L.C.","Senyo, P.K.",2
"Irfan, M.","Kismawadi, E.R.",2
"Biekpe, N.","Cassimon, D.",2
"Ky, S.S.","Rugemintwari, C.",2
"Rugemintwari, C.","Sauviat, A.",2
"Servet, J.-M.","Roesch, M.",2
"Zhao, X.","Si, Y.-W.",2
"Demirgüç-Kunt, A.","Singer, D.",2
"Singer, D.","Ansar, S.",2
"Munyegera, G.K.","Matsumoto, T.",2
"Adegbite, O.O.","Machethe, C.L.",2
"Chamboko, R.","Guvuriro, S.",2
"Carbó, S.","Rodríguez-Fernández, F.",2
"Beyene, S.A.","Garoma, S.",3
"Beyene, S.A.","Belachew, T.",3
"Garoma, S.","Belachew, T.",3
"Brimble, M.","Blue, L.",2
"Ketkar, S.P.","Shankar, R.",2
"Ketkar, S.P.","Banwet, D.K.",2
"Shankar, R.","Banwet, D.K.",2
"Nathan, R.J.","Nugraha, D.P.",2
"Preece, G.L.","Macdonald, M.",2
"Hooda, P.","Singla, A.",2
"Singla, A.","Vasishta, P.",2
"Kaittila, A.","Viitasalo, K.",4
"Kaittila, A.","Moisio, M.",3
"Kaittila, A.","Isoniemi, H.",2
"Kaittila, A.","Kaitsaari, T.",2
"Kaittila, A.","Hakovirta, M.",3
"Viitasalo, K.","Moisio, M.",3
"Viitasalo, K.","Isoniemi, H.",2
"Viitasalo, K.","Kaitsaari, T.",2
"Viitasalo, K.","Hakovirta, M.",3
"Apiors, E.K.","Suzuki, A.",2
"Duvendack, M","Mader, P",2
"Cruz Rambaud, S.C.","López-Pascual, J.",2
"Cruz Rambaud, S.C.","Moro-Visconti, R.",3
"López-Pascual, J.","Moro-Visconti, R.",2
"Muat, S.","Mahdzan, N.S.",2
"Muat, S.","Sukor, M.E.A.",2
"Mahdzan, N.S.","Sukor, M.E.A.",2
"Osabohien, R.","Jakovljevic, M.",2
"Muriel-Patino, V.","Rodriguez-Lopez, F.",4
"Wang, P.","Bai, Z.",2
"Bai, Z.","Jia, M.",3
"Bai, Z.","Zheng, S.",3
"Lee, H.S.","Liew, P.X.",7
"Lee, H.S.","Har, W.M.",2
"Lee, H.S.","Yap, S.",3
"Lee, H.S.","Kuang, K.S.",3
"Lee, H.S.","Nassir, A.M.",2
"Liew, P.X.","Har, W.M.",2
"Liew, P.X.","Yap, S.",3
"Liew, P.X.","Kuang, K.S.",3
"Liew, P.X.","Nassir, A.M.",2
"Suri, T.","Jack, W.",2
"Cuéllar-Fernández, B.","Fuertes-Callén, Y.",2
"Mora, T.","Prior, F.",2
"Alam Siddik, M.N.A.","Kabiraj, S.",2
"Jia, M.","Zheng, S.",2
"Kazemikhasragh, A.","Cicchiello, A.F.",3
"Kazemikhasragh, A.","Monferrà, S.",3
"Kazemikhasragh, A.","Girón, A.",2
"Cicchiello, A.F.","Monferrà, S.",3
"Cicchiello, A.F.","Girón, A.",2
"Monferrà, S.","Girón, A.",2
"Sakyi-Nyarko, C.","Green, C.",2
"Yang, H.","Wilson, N.",2
"Moisio, M.","Isoniemi, H.",2
"Moisio, M.","Kaitsaari, T.",2
"Moisio, M.","Hakovirta, M.",3
"Isoniemi, H.","Hakovirta, M.",2
"Kaitsaari, T.","Hakovirta, M.",2
Murshid,N.S.,2
"Mehta, K.","Rani, A.",2
"Uwamariya, M.","Loebbecke, C.",3
"Uwamariya, M.","Cremer, S.",2
"Loebbecke, C.","Cremer, S.",2
"Zhao, H.","Adjei Mensah, I.A.",2
"Reynolds, T.W.","Biscaye, P.E.",2
"Sharma, H.","Díaz-Andrade, A.",2
"Duvendack, M.","Mader, P.",2
"Seini, A.B.","Alhassan, M.D.",2
"Chambers-Jones, C.","Shufflebottom, M.",2
"Chirwa, G.C.","Manja, L.P.",2
"Okello Candiya Bongomin, G.","Chrysostome, E.",2
"Okello Candiya Bongomin, G.","Yourougou, P.",6
"Okello Candiya Bongomin, G.","Yosa, F.",2
"Okello Candiya Bongomin, G.","Munene, J.C.",10
"Okello Candiya Bongomin, G.","Malinga Akol, C.",2
"Okello Candiya Bongomin, G.","Ntayi, J.",3
"Okello Candiya Bongomin, G.","Akol Malinga, C.A.",2
"Okello Candiya Bongomin, G.","Balinda, R.",3
"Okello Candiya Bongomin, G.","Akol Malinga, C.",2
"Chrysostome, E.","Yourougou, P.",2
"Yourougou, P.","Munene, J.C.",2
"Flynn, J.","Sumberg, J.",2
"Astuti, R","Hartono, D",2
"Knaack, P.","Gruin, J.",2
"Aggarwal, M.","Bamba, M.",4
"Lim, Y.","Livermore, M.",2
"Lim, Y.","Davis, B.C.",2
"Livermore, M.","Davis, B.C.",2
"Saydaliev, H.","Lee, L.E.E.",2
"Çera, G.","Khan, K.A.",3
"Ma, L.","Scott, D.",2
"Ma, L.","Broyd, T.",2
"Wilson, J.O.S.","Berger, A.N.",2
"Van Thiel, D.","Goedee, J.",2
"Van Thiel, D.","Leenders, R.",2
"Goedee, J.","Leenders, R.",2
"Gyasi, R.M.","Adam, A.M.",2
"Mori, N.","Charles, G.",2
"Malik, S.","Singh, K.N.",2
"Jha, S","Dangwal, Rc",3
"Munene, J.C.","Okello Candiya Bongomin, G.O.C.",4
"Munene, J.C.","Akol Malinga, C.A.",6
"Munene, J.C.","Malinga Akol, C.",2
"Okello Candiya Bongomin, G.O.C.","Akol Malinga, C.A.",4
Bekele,W.D.,2
"Inoue, T.","Hamori, S.",2
"Zhu, B.","He, J.",2
"Zhu, B.","Zhai, S.",2
"He, J.","Zhai, S.",2
"Sethy, S.K.","Joshi, D.P.P.",2
"Sethy, S.K.","Goyari, P.",4
"Immurana, M.","Boachie, M.K.",3
"Immurana, M.","Kisseih, K.G.",2
"Immurana, M.","Mohammed, A.",2
"Immurana, M.","Ziblilla, Y.M.",2
"Immurana, M.","Halidu, B.O.",2
"Boachie, M.K.","Kisseih, K.G.",2
"Boachie, M.K.","Mohammed, A.",2
"Boachie, M.K.","Ziblilla, Y.M.",2
"Boachie, M.K.","Halidu, B.O.",2
"Das, S.","Maji, S.K.",2
"Das, S.","Das, T.",2
"Das, S.","Dubey, R.K.D.",2
"Das, S.","Mutsuddi, I.",2
"Das, S.","Debnath, P.",2
"Das, S.","Das, K.",2
"Das, S.","Bhuyan, A.K.",2
"Das, S.","Kanoo, R.",2
"Das, S.","Saha, A.",2
"Das, S.","Debi, H.",2
"Atta-Aidoo, J.","Bizoza, S.",3
"Atta-Aidoo, J.","Saleh, A.O.",3
"Atta-Aidoo, J.","Matthew, E.C.",3
"Bizoza, S.","Saleh, A.O.",3
"Bizoza, S.","Matthew, E.C.",3
"Saleh, A.O.","Matthew, E.C.",3
"Panakaje, N.","Parvin, S.M.R.",2
"Panakaje, N.","Siddiq, A.",2
"Parvin, S.M.R.","Siddiq, A.",2
"Ogechukwu Obokoh, L.O.","Monday, J.U.",2
"Ogechukwu Obokoh, L.O.","Ojiako, U.",2
"Siddiqui, M.A.","Imtiaz, S.",2
"Ly, H.T.N.","Tran, T.H.",2
"Khuong, N.V.","Tran, T.H.",2
Mossie,W.A.,2
"Abebe, A.","Kegne, M.",2
"Widyastuti, U.","Respati, D.K.",2
"Kurniasari, F.","Lestari, E.D.",2
"Peter, S.","Elangovan, G.",2
"Okoli, T.T.","Tewari, D.D.",2
"Offor, K.O.","Ibe, G.I.",2
"Hamid, S.A.","Fahlevi, M.",2
"Hamid, S.A.","Nassir, A.M.",2
"Fahlevi, M.","Nassir, A.M.",2
"Fahlevi, M.","Aljuaid, M.",2
"Nassir, A.M.","Kuang, K.S.",2
"Akol Malinga, C.","Balinda, R.",2
"Musa, H.","Ahmad, N.H.B.",2
"Musa, H.","Nor, A.M.",2
"Ahmad, N.H.B.","Nor, A.M.",2
"Kasturi, A.","Annemalla, R.",2
"González-Nuñez, J.","Domínguez, S.",2
"García-Santillán, A.","Hernández-Mejía, S.",2
"García-Santillán, A.","Tejada-Peña, E.",2
"Van Hove, L.","Ahunov, M.",2
"Gan, C.","Hu, B.",2
"Gan, C.","Revindo, M.D.",2
"Orazi, S.","Martinez, L.B.",5
"Orazi, S.","Guercio, M.B.",3
"Orazi, S.","Vigier, H.P.",4
"Martinez, L.B.","Guercio, M.B.",3
"Martinez, L.B.","Vigier, H.P.",4
"Guercio, M.B.","Vigier, H.P.",2
"Asnawi, A.","Amrawaty, A.A.",2
"Asnawi, A.",Nirwana,3
"Amrawaty, A.A.",Nirwana,2
"Carletti, E.","Qian, J.Q.J.",2
"Carletti, E.","Senbet, L.",2
"Carletti, E.","Valenzuela, P.",2
"Qian, J.Q.J.","Senbet, L.",2
"Qian, J.Q.J.","Valenzuela, P.",2
"Senbet, L.","Valenzuela, P.",2
"De Mel, S.","Woodruff, C.",2
"O'Loughlin, D.","Szmigin, I.",2
"Wilson, N.C.","Stokes, D.",2
"Gonzalez, L.","Christopoulos, T.P.",2
"Hidayat-Ur-Rehman, I.","Bhuiyan, A.B.",2
"Saha, M.","Dutta, K.D.",5
"Scott, D.","Broyd, T.",3
"Suryavanshi, U.","Chaudhry, R.",2
"Jain, S.","Sahu, J.P.",2
"Kulkarni, S.","Kulkarni, P.",3
"Kulkarni, S.","Jadhav, B.",2
"Kulkarni, S.","Kulkarni, A.",2
"Mindra, R.","Moya, M.",2
"Jegerson, D.","Khan, M.",3
"Alkhwaldi, A.F.","Al-Okaily, A.",2
"Mittal, A.","Rani, S.",2
"Nuhic Meskovic, M.","Arnaut-Berilo, A.",2
"Nuhic Meskovic, M.","Dedovic, L.",2
"Nuhic Meskovic, M.","Torlaković, A.",2
"Arnaut-Berilo, A.","Dedovic, L.",2
"Arnaut-Berilo, A.","Torlaković, A.",2
"Dedovic, L.","Torlaković, A.",2
"Desai, R.","Bhatt, K.",2
"Rey-Ares, L.","Álvarez-Espiño, M.",3
"Rey-Ares, L.","Castro-González, S.",2
"Carbonell, P.","Rodríguez-Escudero, A.I.",2
"Bongomin, Goc","Munene, Jc",2
"Bongomin, Goc","Ntayi, Jm",2
"Bongomin, Goc","Malinga, Ca",2
"Munene, Jc","Ntayi, Jm",2
"Munene, Jc","Malinga, Ca",2
"Ntayi, Jm","Malinga, Ca",2
"Tahir, M.S.","D Ahmed, A.D.",2
"Tahir, M.S.","Richards, D.W.",3
"Balasubramanian, S.A.","Kuppusamy, T.",2
"Yumna, A.","Marta, J.",2
"Ahiase, G.","Andriana, D.",2
"Ahiase, G.","Purnomo, B.S.",2
"Ahiase, G.","Heryana, T.",2
"Andriana, D.","Purnomo, B.S.",2
"Andriana, D.","Heryana, T.",2
"Purnomo, B.S.","Heryana, T.",2
"Rastogi, S.","Agarwal, B.",2
"Rastogi, S.","Gautam, R.S.",2
"Rastogi, S.","Bhimavarapu, V.M.",2
"Rastogi, S.","Gautam, R.",2
"Rastogi, S.","Panse, C.",2
"Mir, T.A.","Gopinathan, R.",2
"Mir, T.A.","Joshi, D.P.P.",2
"Gopinathan, R.","Joshi, D.P.P.",2
"Ali, M.M.","Devi, A.",3
"Maryaningsih, N.","Juhro, S.M.",2
Shihadeh,F.H.,2
"Agyekum, F.","Wallace, D.",2
"Rizwan, A.","Mustafa, F.",2
"Chhatoi, B.P.","Sahoo, S.P.",2
"Chhatoi, B.P.","Nayak, D.P.",2
"Agarwal, B.","Kanchan, U.",2
"Dar, A.B.","Ahmed, F.",5
"Dar, A.B.","Sharma, R.L.",3
"Ahmed, F.","Sharma, R.L.",3
S.A.,Shaikh,2
"Febrian, E.","Anwar, M.",2
"Anwar, M.","Nidar, S.R.",2
"Chetioui, H.","Makhtari, M.",2
"Trianto, B.","Mujiatun, S.",2
"Trianto, B.","Cahyono, E.F.",2
"Sultan, N","Mohamed, N",2
"Mujiatun, S.","Cahyono, E.F.",2
"Gómez García, L.D.","Zambrano Aranda, G.M.",2
"Gómez García, L.D.","Toledo Concha, E.J.",2
"Zambrano Aranda, G.M.","Toledo Concha, E.J.",2
"Sait, M.A.","Almunawar, M.N.",2
"Xu, S.","Ali, S.T.",2
"Singh, A.B.","Tandon, P.",5
"Singh, A.B.","Jasuja, D.",2
"Tandon, P.","Jasuja, D.",2
"Korankye, T.","Pearson, B.",2
"Özen, E.","Taneja, S.",2
"Istiqomah, N.","Mafruhah, I.",2
"Lučić, A.","Uzelac, M.",3
"Lučić, A.","Barbić, D.",3
"Lučić, A.","Erceg, N.",2
"Uzelac, M.","Barbić, D.",2
"Kim, D.W.","Jin, H.",2
"Jin, H.","Liu, T.",2
"Yong, W.K.","Wong, S.F.",2
"Yong, W.K.","Mahmud, M.M.",2
"Wong, S.F.","Mahmud, M.M.",2
"Olaleye, S.A.","Sanusi, I.T.",2
"Saputra, M.","Panduwiyasa, H.",2
"Simumba, N.","Okami, S.",3
"Simumba, N.","Kohtake, N.",3
"Simumba, N.","Kodaka, A.",2
"Okami, S.","Kohtake, N.",3
"Okami, S.","Kodaka, A.",2
"Kohtake, N.","Kodaka, A.",2
"Nosrati, L.","Bidgoli, A.M.",2
"Nihaya, I.U.","Kusumawati, N.D.",2
"Majid, M.S.A.","Agustina, M.",2
"Majid, M.S.A.","Nurdin, R.",2
"Agustina, M.","Nurdin, R.",2
"Agustina, M.","Musnadi, S.",2
"Njenga, K.","Ndlovu, S.",2
"Madan, V.","Kour, M.",2
"Fauzi, R.","Suakanto, S.",2
"Khan, R.","Rehman, R.",2
"Khan, R.","Katpar, S.J.",2
"Roy, P.","Patro, B.",3
"Rahman, M.","Hernandez, N.",2
"Rahman, M.","Cǎrbunar, B.",2
"Rahman, M.","Chau, D.H.",2
"Sulastri, R.","Janssen, M.",3
"Singh, A.S.","Ambarkhane, D.",2
"Singh, A.S.","Venkataramani, B.",2
"Kulkarni, A.","Jadhav, B.",2
"Kulkarni, A.","Kulkarni, P.",2
"Rybakovas, E.","Žigiene, G.",2
"Kaliappan, S.","Ramya, R.",2
"Kulkarni, P.","Jadhav, B.",2
"Goyal, P.","Chakrabarti, A.",2
"Traynor, P.","Butler, K.",2
"Traynor, P.","Bowers, J.",2
"Traynor, P.","Reaves, B.",3
"Traynor, P.","Scaife, N.",2
"Traynor, P.","Bates, A.",2
"Butler, K.","Reaves, B.",2
"Bowers, J.","Reaves, B.",2
"Reaves, B.","Scaife, N.",2
"Reaves, B.","Bates, A.",2
"Ogundele, A.T.","Ibitoye, O.A.",2
"Oladipo, A.O.","Ben-Caleb, B.-C.",2
"Oladipo, A.O.","Madugba, J.U.",2
"Ben-Caleb, B.-C.","Madugba, J.U.",2
"Sowon, K.","Cranor, L.F.",2
"Sowon, K.","Fanti, G.",2
"Sowon, K.","Tucker, C.",2
"Sowon, K.","Gueye, A.",2
"Cranor, L.F.","Fanti, G.",2
"Cranor, L.F.","Tucker, C.",2
"Cranor, L.F.","Gueye, A.",2
"Fanti, G.","Tucker, C.",2
"Fanti, G.","Gueye, A.",2
"Tucker, C.","Gueye, A.",2
"Hernandez, N.","Cǎrbunar, B.",2
"Hernandez, N.","Chau, D.H.",2
"Cǎrbunar, B.","Chau, D.H.",2
"Martinelli, F.","Mercaldo, F.",2
"Martinelli, F.","Santone, A.",2
"Mercaldo, F.","Santone, A.",2
"Wilmarth, M.J.","James, S.",2
Rajan,R.G.,2
Mhella,D.J.,2
"Karrar, A.Z.","Rahman, A.A.",2
"Fernades, A.A.R.","Solimun, S.",2
"Onyango, J.","Ochillo, M.",2
"Belousova, V.","Chichkanov, N.",2
"Naz, M","Iftikhar, Sf",2
"Naz, M","Fatima, A",2
"Iftikhar, Sf","Fatima, A",2
"Scaife, N.","Bates, A.",2
"Ibtasam, S.","Yu, S.",2
"Mehmood, H.","Razaq, L.",2
"Mehmood, H.","Anderson, R.",2
"Razaq, L.","Anderson, R.",4
"Razaq, L.","Usmani, M.Z.",3
"Razaq, L.","Mare, S.",2
"Anderson, R.","Mare, S.",3
"Anderson, R.","Usmani, M.Z.",3
"Mare, S.","Usmani, M.Z.",2
"Kromidha, E.","Yadav, N.",2
"Akanfe, O.","Valecha, R.",2
"Damayanti, S.M.","Rahadi, R.A.",2
"Prijadi, R","Wulandari, P",2
N.R.,Simkhada,2
"Ambarkhane, D.","Venkataramani, B.",5
"Sorgente, A.","Lanz, M.",2
Azimi,M.N.,2
"Kisseih, K.G.","Mohammed, A.",2
"Kisseih, K.G.","Ziblilla, Y.M.",2
"Kisseih, K.G.","Halidu, B.O.",2
"Mohammed, A.","Ziblilla, Y.M.",2
"Mohammed, A.","Halidu, B.O.",2
"Ziblilla, Y.M.","Halidu, B.O.",2
"Mago, S.","Modiba, F.S.",2
"Lahnech, A.","Chami, M.",2
"Dodoo, R.N.A.","Mangudhla, T.",2
"Dodoo, R.N.A.","Boadi, E.B.",2
"Mangudhla, T.","Boadi, E.B.",2
"Hewett, P.C.","Austrian, K.",2
"Hewett, P.C.","Soler-Hampejsek, E.",2
"Hewett, P.C.","Behrman, J.R.",2
"Austrian, K.","Soler-Hampejsek, E.",2
"Austrian, K.","Behrman, J.R.",2
"Soler-Hampejsek, E.","Behrman, J.R.",2
"Mishra, D.","Agarwal, N.",2
"Sahoo, A.P.","Patnaik, A.",2
"Sahoo, A.P.","Patnaik, B.C.M.",2
"Patnaik, A.","Patnaik, B.C.M.",2
"Taneja, S.","Bhatnagar, M.",3
"Li, C.","Gu, B.",2
"Somville, V.","Vandewalle, L.",2
"Rehman, R.","Katpar, S.J.",2
"Arebo, M.J.","Hando, F.H.",2
"Arebo, M.J.","Mekonnen, A.G.",2
"Hando, F.H.","Mekonnen, A.G.",2
"Agarwal, A.","Pandey, K.N.",2
"Agarwal, A.","Agarwal, Y.",2
"Salgotra, A.K.","Kandari, P.",3
"Salgotra, A.K.","Bahuguna, U.",3
"Kandari, P.","Bahuguna, U.",3
"Ali, J","Khan, Ma",3
"Ali, J","Wadood, M",2
"Ali, J","Khan, Us",2
"Khan, Ma","Wadood, M",2
"Khan, Ma","Khan, Us",2
"Wadood, M","Khan, Us",2
"Hernández-Mejía, S.","Moreno-García, E.",3
"Khan, M.S.R.","Kadoya, Y.",3
"Mangani, K.S.","Syaukat, Y.",2
"Mangani, K.S.","Arifin, B.",2
"Mangani, K.S.","Tambunan, M.",2
"Syaukat, Y.","Arifin, B.",2
"Syaukat, Y.","Tambunan, M.",2
"Arifin, B.","Tambunan, M.",2
"Kamarudin, F.","Hussain, H.I.",2
"Kamarudin, F.","Anwar, N.A.M.",2
"Hussain, H.I.","Anwar, N.A.M.",2
Neelam,"Bhattacharya, S.",2
Neelam,"Bhattacharya, S",2
"Sahoo, S.P.","Nayak, D.P.",2
"Ferreira, S.","Dickason–Koekemoer, Z.",2
"Esomar, M.J.F.","Wijayanti, R.",2
"Esomar, M.J.F.","Aisjah, S.",2
"Wijayanti, R.","Aisjah, S.",2
"Bobek, V.","Horvat, T.",2
Chummun,B.Z.,4
"Sundaram, N.","Sriram, M.",3
"Sundaram, N.","Sundaram, S.",2
J.A.,Mustafa,2
"Panait, M.","Vasile, V.",2
"Palazzo, M.","Panait, M.C.",2
"Wiryono, S.K.","Faturohman, T.",2
Chhatoi,Bp,2
"Olaleye, Sa","Sanusi, It",2
"Olaleye, Sa","Oyelere, Ss",2
"Sanusi, It","Oyelere, Ss",2
"Sabri, M.F.","Zakaria, N.F.",2
"Chawla, I.","Mokhtari, M.",2
"Tran, H.T.T.","Le, H.T.T.",2
"Petrikova, T.","Kočišová, K.",2
"Mohamed Naim, A.M.","Mirza, A.A.I.",2
"Mohamed Naim, A.M.","Shukor, A.R.A.",2
"Mohamed Naim, A.M.","Md Nor, M.Z.M.",2
"Mohamed Naim, A.M.","Muhamed, N.A.",2
"Mohamed Naim, A.M.","Ahmad, A.",2
"Mohamed Naim, A.M.","Ali, S.R.S.",2
"Mirza, A.A.I.","Shukor, A.R.A.",2
"Mirza, A.A.I.","Md Nor, M.Z.M.",2
"Mirza, A.A.I.","Muhamed, N.A.",2
"Mirza, A.A.I.","Ahmad, A.",2
"Mirza, A.A.I.","Ali, S.R.S.",2
"Shukor, A.R.A.","Md Nor, M.Z.M.",2
"Shukor, A.R.A.","Muhamed, N.A.",2
"Shukor, A.R.A.","Ahmad, A.",2
"Shukor, A.R.A.","Ali, S.R.S.",2
"Md Nor, M.Z.M.","Muhamed, N.A.",2
"Md Nor, M.Z.M.","Ahmad, A.",2
"Md Nor, M.Z.M.","Ali, S.R.S.",2
"Muhamed, N.A.","Ahmad, A.",2
"Muhamed, N.A.","Ali, S.R.S.",2
"Ahmad, A.","Ali, S.R.S.",2
"Nguyen, M.P.","Phan, A.",2
"Kelly-Louw, M.","Damar-Blanken, D.",2
"Azaad Moonesar, I.A.","Braendle, U.C.",2
"Azaad Moonesar, I.A.","Rao, A.",2
"Braendle, U.C.","Rao, A.",2
"Bhuvana, M.","Vasantha, S.",6
"Lu, M.-P.","Kosim, Z.",3
"Haryono, N.","Kautsar, A.",2
"Nor, B.A.","Osman, H.O.",2
"Nor, B.A.","Abdi, H.",2
"Osman, H.O.","Abdi, H.",2
"Pratikto, H.","Restuningdiah, N.",2
"Safronova, T","Chernousova, N",2
"Safronova, T","Safronova, M",2
"Chernousova, N","Safronova, M",2
"Ivashchenko, A.","Polishchuk, Y.",2
"Monday, J.U.","Ojiako, U.",2
"Kraiwanit, T.","Limna, P.",2
"Kraiwanit, T.","Moolngearn, P.",2
"Limna, P.","Moolngearn, P.",2
"Debnath, P.","Das, K.",2
"Debnath, P.","Bhuyan, A.K.",2
"Debnath, P.","Kanoo, R.",2
"Debnath, P.","Saha, A.",2
"Debnath, P.","Debi, H.",2
"Das, K.","Bhuyan, A.K.",2
"Das, K.","Kanoo, R.",2
"Das, K.","Saha, A.",2
"Das, K.","Debi, H.",2
"Bhuyan, A.K.","Kanoo, R.",2
"Bhuyan, A.K.","Saha, A.",2
"Bhuyan, A.K.","Debi, H.",2
"Kanoo, R.","Saha, A.",2
"Kanoo, R.","Debi, H.",2
"Saha, A.","Debi, H.",2
"Binaluyo, J.P.","Agustin, N.B.",2
"Binaluyo, J.P.","Santos, A.R.",2
"Agustin, N.B.","Santos, A.R.",2
"Moïse, B","Xu, Hy",2
"Tan, T.","Phan, T.Q.",3
"Phan, T.Q.","Bhattacharya, P.",2
"Pradana, M.","Kartawinata, B.R.",2
"Shahu, E.","Imami, D.",2
"Shahu, E.","Zhllima, E.",2
"Imami, D.","Zhllima, E.",2
"Sungkawaningrum, F.","Hartono, S.",2
"Güz, T","Poyraz, G",2
"Antonijević, M.","Domazet, I.",2
"Akinyemi, B.O.","Olalere, D.A.",2
"Akinyemi, B.O.","Sanni, M.L.",2
"Akinyemi, B.O.","Olajubu, E.A.",2
"Akinyemi, B.O.","Aderounmu, G.A.",2
"Olalere, D.A.","Sanni, M.L.",2
"Olalere, D.A.","Olajubu, E.A.",2
"Olalere, D.A.","Aderounmu, G.A.",2
"Sanni, M.L.","Olajubu, E.A.",2
"Sanni, M.L.","Aderounmu, G.A.",2
"Olajubu, E.A.","Aderounmu, G.A.",2
"Christopher, C.A.","Nithya, A.R.",2
"Munongo, S.","Tsaurai, K.",3
"Udo, E.S.","Enemuo, J.I.",2
Fundji,O.J.,2
"Ackah, C.","Steel, W.F.",2
"Ackah, C.","Bokpin, G.A.",2
"Steel, W.F.","Bokpin, G.A.",2
"Ali, G.","Dida, M.A.",2
"Ali, G.","Sam, A.E.",2
"Dida, M.A.","Sam, A.E.",2
"Yoon, S.S.","Oh, I.",2
"Rubio, J.","Leon, M.",2
"Guo, Y.","Naseer, M.M.",2
"Náñez Alonso, S.L.N.","Jorge-Vazquez, J.",2
"Náñez Alonso, S.L.N.","Forradellas, R.F.R.",2
"Jorge-Vazquez, J.","Forradellas, R.F.R.",2
"Sebayang, T.E.","Hakim, D.B.",2
"Sebayang, T.E.","Bakhtiar, T.",2
"Sebayang, T.E.","Indrawan, D.",2
"Hakim, D.B.","Bakhtiar, T.",2
"Hakim, D.B.","Indrawan, D.",2
"Bakhtiar, T.","Indrawan, D.",2
"Rusmanto, T.","Warganegara, D.L.",2
"Bédécarrats, F.","Bastiaensen, J.",2
"Bédécarrats, F.","Doligez, F.",2
"Bastiaensen, J.","Doligez, F.",2
"Mohamad, M.","Wood-Harper, T.",2
"Mohamad, M.","Ramlogan, R.",2
"Wood-Harper, T.","Ramlogan, R.",2
"Etim, A.S.","Etim, D.N.",2
"Blome, C.","Sivarajah, U.",2
"Alhassan, Y.","Nwagbara, U.",2
"Bernhardt, S.","Kansara, T.",2
"Bernhardt, S.","Cooper, N.",2
"Kansara, T.","Cooper, N.",2
"Gadicha, V.B.","Gadicha, A.B.",2
"Rani, J.","Guru, R.",2
"Rani, J.","Sakthivel, S.",2
"Guru, R.","Sakthivel, S.",2
Ida Evangeline,S.I.,2
"Tyagi, A.K.","Vittala, K.R.",2
"Tyagi, A.K.","Seranmadevi, R.",2
"Vittala, K.R.","Seranmadevi, R.",2
"Kersop, M.","Du Toit, S.F.",2
"Khatua, P.","Panda, L.",2
"Wiksuana, I.G.B.","Candraningrat, I.R.",2
"Magashi, C.","Sam, A.",2
"Magashi, C.","Agbinya, J.",2
"Magashi, C.","Mbelwa, J.",2
"Sam, A.","Agbinya, J.",2
"Sam, A.","Mbelwa, J.",2
"Agbinya, J.","Mbelwa, J.",2
"Sohrab, T.","Idris, F.",2
"Sohrab, T.","Sulaiman, N.",2
"Idris, F.","Sulaiman, N.",2
"Huong, D.T.","Anh, N.T.",2
"Medhi, I","Toyama, K",2
"Nosrati, L","Bidgoli, Am",2
"Nenova, T","Niang, Ct",3
"Nenova, T","Ahmad, A",3
"Niang, Ct","Ahmad, A",3
"Simumba, N","Okami, S",2
"Simumba, N","Kohtake, N",2
"Okami, S","Kohtake, N",2
"Polák, P.","Kocurek, K.",2
"Okoye, Lu","Omankhanlen, Ae",2
"Prymostka, L","Krasnova, I",2
"Kumari, D.A.T.","Azam, S.M.",2
"Santoso, B.","Ahmad, K.",2
"Njenga, K","Ndlovu, S",2
